id,first_name,last_name,gender,age,nationallity,joining_date,phone_number,email
1,Eadie,Maffeo,Female,41,France,2022-01-11,534-341-9052,emaffeo0@smh.com.au
2,Hammad,Brewerton,Male,56,Isreal,2022-09-30,999-994-0510,hbrewerton1@discovery.com
3,Terrell,Bris,Male,43,India,,980-455-5208,tbris2@yale.edu
4,Frannie,Morewood,Male,84,France,2021-05-26,979-187-1493,fmorewood3@vistaprint.com
5,Sophi,Fleet,Female,33,Sweden,2021-07-19,991-853-9984,sfleet4@unicef.org
6,Janine,Voak,Female,52,United States,2020-08-02,589-929-6244,jvoak5@php.net
7,Tori,Hawtin,Female,32,United States,2020-08-02,185-689-8980,thawtin6@accuweather.com
8,Matthus,Gethouse,Male,15,Isreal,2022-02-13,384-333-1747,mgethouse7@zdnet.com
9,Adelice,Whichelow,Female,46,Spain,2020-08-19,523-589-7864,awhichelow8@comsenz.com
10,Terri,Palffrey,Male,26,Japan,2022-12-29,438-700-1501,tpalffrey9@squarespace.com
11,Raffaello,Doblin,Non-binary,43,United States,2022-09-06,676-389-7803,rdoblina@answers.com
12,Tammie,Weekes,Male,55,United States,2022-02-17,999-621-4673,tweekesb@patch.com
13,Barney,Rawnsley,Male,46,Sweden,2022-05-17,609-734-7757,brawnsleyc@google.com
14,Chevalier,Wardroper,Male,38,Italy,,375-180-9409,cwardroperd@europa.eu
15,Andriana,Costy,,59,India,2021-06-15,369-201-5628,acostye@is.gd
16,Joyann,Leehane,Female,,Chile,2021-05-14,833-825-4808,jleehanef@umn.edu
17,Cissy,Blackleech,Female,34,Brazil,,294-340-9135,cblackleechg@webeden.co.uk
18,Lynne,Vossing,Female,58,India,2022-01-18,222-633-3661,lvossingh@barnesandnoble.com
19,Gaylord,Swatten,Male,38,Isreal,2020-11-01,874-635-8584,gswatteni@sfgate.com
20,Aile,Sandes,Female,35,Brazil,2021-02-09,652-923-9782,asandesj@mlb.com
21,Hyacinthie,Titchen,Female,59,Germany,2020-02-25,233-189-3584,htitchenk@github.com
22,Timmy,Blowne,Female,24,Brazil,2020-08-02,918-244-8139,tblownel@flavors.me
23,Leesa,Johnson,Female,44,Isreal,2020-03-08,708-609-0593,ljohnsonm@instagram.com
24,Bay,Kos,Male,55,Italy,2021-07-01,408-653-5816,bkosn@icq.com
25,Aindrea,Addinall,Female,46,Spain,2020-12-23,868-761-5599,aaddinallo@example.com
26,Arlee,Birdwhistell,Female,32,Germany,2022-06-09,679-526-4011,abirdwhistellp@parallels.com
27,Moe,Pepin,Male,45,United States,,444-783-1876,mpepinq@usatoday.com
28,Leoine,Collar,Female,29,United States,2022-02-19,706-765-5133,lcollarr@jugem.jp
29,Wyatan,Wesley,Male,12,South Korea,2020-06-11,931-428-9071,wwesleys@boston.com
30,Mimi,Milbank,Female,69,United States,2022-01-22,216-816-5320,mmilbankt@vinaora.com
31,Farris,Fragino,,57,China,2022-10-11,636-936-1349,ffraginou@cloudflare.com
32,Julia,Lawless,Female,46,Argentina,2021-08-03,788-285-6412,jlawlessv@fotki.com
33,Angelle,Farman,Female,43,Isreal,2020-01-31,135-442-7399,afarmanw@forbes.com
34,Kingsley,Officer,,29,United States,2021-02-18,542-889-8279,kofficerx@ask.com
35,Maitilde,Blunsden,Female,54,Peru,2021-11-07,542-227-3674,mblunsdeny@upenn.edu
36,Pammie,Buzin,Female,34,Argentina,2022-12-26,657-701-9136,pbuzinz@sohu.com
37,Erinn,Clitheroe,Female,58,Isreal,2021-02-08,245-137-2811,eclitheroe10@cmu.edu
38,Fidelio,Laurentin,Male,44,France,2022-01-28,493-489-6104,flaurentin11@purevolume.com
39,Clementius,Warr,Male,29,Chile,2020-12-01,458-195-6352,cwarr12@yellowpages.com
40,Valaree,Prestney,,44,China,2020-04-10,408-452-7318,vprestney13@tumblr.com
41,Heindrick,Spataro,Male,32,Italy,2021-06-17,541-203-0708,hspataro14@uiuc.edu
42,Adrien,Drage,Male,34,United States,2022-08-12,166-146-4956,adrage15@usnews.com
43,Allin,Coode,Male,46,United States,2021-02-25,516-139-7712,acoode16@blog.com
44,Caryl,Dymond,Male,58,France,2021-05-31,818-744-1193,cdymond17@webnode.com
45,Ransell,Jagger,Male,56,Brazil,2021-06-19,956-187-9707,rjagger18@delicious.com
46,Rourke,Leyband,Male,48,India,2020-11-29,606-588-3128,rleyband19@arstechnica.com
47,Junette,Van der Merwe,Female,35,Spain,2020-07-31,754-699-6324,jvandermerwe1a@ca.gov
48,Florina,Eddington,Female,,China,2021-03-19,962-178-4834,feddington1b@aboutads.info
49,Augustine,Alastair,Male,,Isreal,2021-06-01,893-304-1039,aalastair1c@nih.gov
50,Northrop,Steed,Male,52,South Korea,2022-01-07,380-967-7584,nsteed1d@webeden.co.uk
51,Flory,Bason,Bigender,,United States,2021-08-08,235-624-8939,fbason1e@geocities.jp
52,Estell,Dirand,Female,53,France,2022-10-07,144-730-3819,edirand1f@histats.com
53,Sarette,Ivie,Female,57,Isreal,2021-04-02,633-412-9308,sivie1g@ycombinator.com
54,Immanuel,Harrap,Male,42,United States,,644-521-3774,iharrap1h@tinypic.com
55,Tabitha,Saddington,Female,71,Sweden,2022-05-04,306-495-5414,tsaddington1i@mysql.com
56,Pearce,Maber,Male,55,Italy,2022-06-16,747-254-3423,pmaber1j@patch.com
57,Chandal,Mullarkey,Female,47,Chile,2022-02-18,826-169-3974,cmullarkey1k@wordpress.org
58,Callie,Vellender,Female,48,China,2021-09-05,125-334-7938,cvellender1l@seattletimes.com
59,Merill,Lacroutz,Male,40,Isreal,2022-04-11,988-997-5910,mlacroutz1m@ft.com
60,Avery,Balme,Male,63,India,2022-09-04,568-411-4025,abalme1n@fc2.com
61,Nicoline,Popple,Female,64,South Korea,2020-01-16,815-588-4865,npopple1o@addthis.com
62,Ware,Jordan,Male,30,France,2022-01-13,648-991-1870,wjordan1p@boston.com
63,Dorine,Cauldfield,Female,,Italy,2022-02-01,719-649-1327,dcauldfield1q@indiegogo.com
64,Temp,Gillebert,Male,,United States,2020-08-09,608-136-0864,tgillebert1r@google.it
65,Molly,Tailby,Female,,South Korea,2020-02-18,719-118-0927,mtailby1s@bloomberg.com
66,Sue,Grundell,Female,45,United States,2021-02-12,411-537-7862,sgrundell1t@de.vu
67,Butch,Couves,Male,61,Brazil,2021-04-14,402-649-9746,bcouves1u@xrea.com
68,Lay,Hallows,,24,Spain,2020-12-13,863-744-3781,lhallows1v@de.vu
69,Clareta,Mochan,,59,Isreal,2022-10-09,421-885-7098,cmochan1w@spiegel.de
70,Cesar,Terzo,Male,51,Peru,2021-12-14,917-838-5249,cterzo1x@google.fr
71,Stanfield,Shilliday,Male,,France,2020-09-14,608-565-2709,sshilliday1y@purevolume.com
72,Allie,Kegley,,55,Argentina,2021-05-29,463-191-7210,akegley1z@gov.uk
73,Toby,Haslegrave,,58,India,2022-09-22,514-479-9004,thaslegrave20@msn.com
74,Maxim,Linskill,Male,58,China,,450-390-5305,mlinskill21@newyorker.com
75,Lorianne,Markie,Female,49,United States,2020-01-09,955-576-8957,lmarkie22@creativecommons.org
76,Dorise,Cuseck,Non-binary,26,United States,2022-10-18,990-873-8961,dcuseck23@paginegialle.it
77,Evy,Gon,Female,40,United States,2022-02-04,144-271-0904,egon24@com.com
78,Simone,Reddie,Female,47,Peru,2022-08-20,674-634-2502,sreddie25@epa.gov
79,Shannon,Sleith,,46,Brazil,2020-12-23,269-271-9599,ssleith26@paginegialle.it
80,Ellen,Laite,Female,53,Argentina,2022-08-07,961-259-3129,elaite27@telegraph.co.uk
81,Umberto,Guiot,Male,72,Isreal,2022-05-16,578-708-8221,uguiot28@pbs.org
82,Laurice,Austen,Polygender,32,Argentina,2020-07-09,988-131-0307,lausten29@arizona.edu
83,Zerk,Giffaut,Agender,48,Argentina,2022-08-29,904-892-8378,zgiffaut2a@vk.com
84,Basia,Dark,Female,37,United States,,552-650-5492,bdark2b@house.gov
85,Greta,Gentzsch,Female,67,France,2020-11-29,993-404-3857,ggentzsch2c@pcworld.com
86,Stephanie,Pollastrone,Female,50,Sweden,2021-09-15,775-831-9717,spollastrone2d@fema.gov
87,Joseph,McHarry,Male,39,United States,,316-723-9387,jmcharry2e@soundcloud.com
88,Cord,Marde,,50,Isreal,2022-02-10,946-665-7151,cmarde2f@privacy.gov.au
89,Samuel,Gallier,Male,51,Japan,2022-04-11,509-825-1295,sgallier2g@cdc.gov
90,Iosep,Sturdy,Male,42,United States,2022-11-17,255-489-3116,isturdy2h@reddit.com
91,Kariotta,Rennox,Female,53,Italy,2020-12-13,488-166-8425,krennox2i@dell.com
92,Jules,Keaton,Male,46,United States,2021-03-20,623-494-1018,jkeaton2j@bravesites.com
93,Gene,Delacroix,Male,63,Peru,2021-03-15,466-687-9093,gdelacroix2k@mlb.com
94,William,Markey,Genderfluid,31,Isreal,2021-09-01,275-498-4601,wmarkey2l@dropbox.com
95,Florance,Fridd,Female,45,Japan,2021-03-14,618-774-3109,ffridd2m@epa.gov
96,Roi,Aneley,Agender,46,South Korea,2021-03-24,702-266-1015,raneley2n@answers.com
97,Josselyn,Tabourel,Female,,India,2022-02-09,458-719-5701,jtabourel2o@npr.org
98,Dierdre,Laville,Female,61,Isreal,2021-05-14,256-733-1011,dlaville2p@sciencedirect.com
99,Colver,Gourley,Male,37,Germany,2022-09-27,790-382-0727,cgourley2q@seattletimes.com
100,Noelyn,Siebart,,56,Spain,2021-04-29,628-795-8573,nsiebart2r@go.com
101,Diane-marie,Easlea,Female,52,United States,2020-02-23,589-452-0438,deaslea2s@1688.com
102,Reece,Giraldez,Male,77,Isreal,2020-10-20,884-128-1014,rgiraldez2t@craigslist.org
103,Shae,Verlinde,Female,74,Isreal,2020-06-03,539-992-2268,sverlinde2u@biblegateway.com
104,Filide,Smitheram,Female,45,Isreal,2021-06-20,947-313-5875,fsmitheram2v@pagesperso-orange.fr
105,Skipton,Carlo,Genderfluid,64,Spain,2020-05-16,452-967-1399,scarlo2w@msn.com
106,Konstantine,Elcocks,Male,53,Isreal,2020-05-17,830-651-9637,kelcocks2x@fema.gov
107,Hephzibah,Oganian,Female,49,Italy,2022-12-08,446-685-6173,hoganian2y@loc.gov
108,Ellswerth,Yetman,Male,44,India,2020-06-07,333-765-3367,eyetman2z@ed.gov
109,Geoff,Nehl,Non-binary,7,United States,2020-06-13,579-496-2659,gnehl30@craigslist.org
110,Leif,Camplin,Male,19,South Korea,2020-12-19,253-238-6066,lcamplin31@bandcamp.com
111,Jacqueline,Korlat,,44,South Korea,2021-01-21,170-452-5444,jkorlat32@nationalgeographic.com
112,Zita,Langstrath,Female,45,Italy,2021-11-14,892-965-0146,zlangstrath33@ycombinator.com
113,Charmain,Lafont,Female,60,United States,2021-07-15,779-143-7497,clafont34@pen.io
114,Rowney,McLauchlin,Male,32,Isreal,,390-927-3510,rmclauchlin35@psu.edu
115,Piper,Gilkison,Female,40,China,2021-08-28,393-514-6770,pgilkison36@paypal.com
116,Noelyn,Laidler,Female,53,United States,2022-05-14,424-196-8230,nlaidler37@techcrunch.com
117,Gwennie,Bewlie,Female,50,Chile,2020-10-15,127-827-0917,gbewlie38@networksolutions.com
118,Gino,Rechert,Male,14,Isreal,,505-736-9439,grechert39@state.gov
119,Meryl,Dalliston,Non-binary,61,Germany,2022-12-26,710-506-3463,mdalliston3a@baidu.com
120,Barbey,Wayvill,Female,,Peru,2021-04-15,191-453-0721,bwayvill3b@goo.gl
121,Goldina,Coverdale,,27,Peru,2020-05-30,565-858-5817,gcoverdale3c@google.com.br
122,Skipp,Garnsey,Male,63,Isreal,2020-04-07,424-122-9473,sgarnsey3d@apache.org
123,Rudie,Mellows,Male,25,Germany,2022-11-09,822-599-2209,rmellows3e@comsenz.com
124,Emmy,Poston,Male,46,India,,545-127-2356,eposton3f@timesonline.co.uk
125,Kacie,Fischer,Female,25,Isreal,2022-06-21,835-564-4477,kfischer3g@cdbaby.com
126,Dalenna,McEniry,Genderqueer,44,Germany,2021-03-11,599-535-4354,dmceniry3h@myspace.com
127,Antonella,Bowbrick,Female,27,South Korea,2022-11-19,458-699-8018,abowbrick3i@miitbeian.gov.cn
128,Arnoldo,Valentelli,Male,53,India,2021-02-28,197-563-7070,avalentelli3j@phoca.cz
129,Bernadette,Okenfold,,46,China,2022-07-07,832-588-3600,bokenfold3k@e-recht24.de
130,Sandye,Pavluk,Female,43,Italy,2020-08-25,132-511-5438,spavluk3l@networksolutions.com
131,Wynn,Cradey,Male,39,Isreal,2020-07-21,458-369-1064,wcradey3m@google.nl
132,Kristofer,Richold,Male,36,Chile,2021-04-15,716-322-9887,krichold3n@bandcamp.com
133,Neel,Donneely,Male,44,United States,2021-10-16,220-216-6595,ndonneely3o@independent.co.uk
134,Emma,Jehaes,Female,63,Spain,2020-12-10,336-277-5998,ejehaes3p@is.gd
135,Ashbey,Bromley,Male,51,China,2022-02-15,298-740-1948,abromley3q@pbs.org
136,Jerri,Blazy,Male,38,China,2022-01-24,534-750-1225,jblazy3r@icio.us
137,Whittaker,Giannotti,Male,51,Japan,2021-06-20,448-289-0779,wgiannotti3s@studiopress.com
138,Ellary,Ledner,,63,Peru,,343-500-4046,eledner3t@latimes.com
139,Isac,Crudge,Genderfluid,54,Argentina,2021-10-29,999-673-9711,icrudge3u@usda.gov
140,Hannie,Rossiter,Female,33,South Korea,2021-09-29,688-121-8953,hrossiter3v@yellowbook.com
141,Cathrin,Mangham,Female,43,United States,2021-12-12,966-424-3674,cmangham3w@smh.com.au
142,Daryle,Crewes,Male,53,Brazil,2022-03-15,256-924-5089,dcrewes3x@google.it
143,Hyacinthe,Soldner,Female,58,Chile,2022-05-21,908-843-0790,hsoldner3y@japanpost.jp
144,Ardine,Vinecombe,Female,42,Germany,2021-11-09,995-210-8620,avinecombe3z@pen.io
145,Steffane,Gilfoy,Female,66,France,2021-01-07,611-809-1913,sgilfoy40@nymag.com
146,Georgette,Jeske,Female,42,Germany,2020-06-14,461-869-9433,gjeske41@omniture.com
147,Lynne,Effnert,Female,16,United States,2022-03-06,782-330-9745,leffnert42@xing.com
148,Genny,Swatten,Female,44,United States,2020-12-18,736-419-1486,gswatten43@netlog.com
149,Wadsworth,Dell 'Orto,Genderqueer,26,China,2021-07-05,900-511-3156,wdellorto44@jiathis.com
150,Matilda,East,Female,39,Italy,2022-11-26,248-418-1034,meast45@cargocollective.com
151,Giorgio,Mence,,47,Isreal,2020-02-16,876-504-5081,gmence46@statcounter.com
152,Shandra,Arnet,Female,27,Peru,2022-10-22,589-526-3677,sarnet47@cmu.edu
153,Nelie,Songust,Female,17,South Korea,2020-11-17,255-756-9564,nsongust48@businessinsider.com
154,Joanna,O'dell,Polygender,37,China,,321-609-2833,jodell49@is.gd
155,Aluin,Bettaney,Male,63,Spain,2021-08-21,881-721-1367,abettaney4a@1688.com
156,Osborne,Chidlow,Male,,United States,2022-01-25,980-652-8446,ochidlow4b@who.int
157,Orsola,Walpole,Female,45,France,2020-02-15,967-516-2481,owalpole4c@issuu.com
158,Katinka,Greser,Female,75,Spain,,537-645-2161,kgreser4d@buzzfeed.com
159,Lonnie,Stirrup,Male,,Isreal,2022-08-16,216-694-9010,lstirrup4e@senate.gov
160,Davida,Castanares,Female,29,China,2022-12-16,439-523-7353,dcastanares4f@blog.com
161,Felisha,Chambers,Female,46,France,2022-05-18,323-537-1741,fchambers4g@disqus.com
162,Abdel,Sparshett,,4,Isreal,2020-06-23,388-678-7074,asparshett4h@blinklist.com
163,Orly,Pendrigh,Female,49,Italy,2020-06-29,872-881-2245,opendrigh4i@sitemeter.com
164,Heywood,Circuit,Male,46,India,,245-934-7480,hcircuit4j@ucoz.ru
165,Dora,Buchett,Female,53,Chile,2021-10-11,338-942-3601,dbuchett4k@army.mil
166,Art,Loft,Male,32,Peru,,289-647-7764,aloft4l@adobe.com
167,Riva,Warby,Female,41,Peru,2020-09-29,579-148-2217,rwarby4m@360.cn
168,Nicki,Fordy,Female,22,United States,,874-290-5298,nfordy4n@symantec.com
169,Christoforo,Tanguy,Male,53,Argentina,2022-12-20,866-603-0590,ctanguy4o@amazon.co.uk
170,Kristy,Barrowcliff,Female,10,United States,2020-07-09,338-197-2606,kbarrowcliff4p@facebook.com
171,Floris,Birdseye,,36,India,2020-05-15,789-457-4628,fbirdseye4q@gravatar.com
172,Iain,Cawse,Genderqueer,53,Italy,2022-06-26,229-994-2423,icawse4r@hhs.gov
173,Thomasa,Iacovolo,Female,58,India,2022-05-26,587-562-6755,tiacovolo4s@facebook.com
174,Konstance,Gullam,Female,38,Chile,2020-06-05,405-995-7425,kgullam4t@pcworld.com
175,Katlin,Playhill,Bigender,76,United States,2022-12-19,481-117-0358,kplayhill4u@seattletimes.com
176,Sven,Duguid,Male,34,Japan,2020-07-17,663-401-1423,sduguid4v@hc360.com
177,Skippie,Kennler,Male,25,Argentina,,489-737-6682,skennler4w@ted.com
178,Jobyna,Redhills,,,Isreal,2022-10-10,577-770-1475,jredhills4x@gnu.org
179,Neddie,Scothron,Male,35,Italy,2022-07-14,264-333-7142,nscothron4y@lycos.com
180,Shawn,Grover,Female,49,Chile,,587-988-8160,sgrover4z@icq.com
181,Etan,Kristufek,,41,Italy,2021-05-15,833-472-3681,ekristufek50@psu.edu
182,Sebastian,Leap,Male,14,Isreal,2022-03-16,513-118-1561,sleap51@studiopress.com
183,Vladamir,Trott,Male,59,Chile,2021-08-31,871-863-4616,vtrott52@eepurl.com
184,Helga,Straine,Female,57,Chile,2021-02-21,865-761-1402,hstraine53@bloomberg.com
185,Mac,Kubik,Male,62,India,2022-03-09,652-949-8421,mkubik54@google.co.jp
186,Early,Sherwood,Male,34,Brazil,,459-401-0430,esherwood55@ftc.gov
187,Janek,Greguoli,Male,80,Isreal,2020-10-08,853-639-6035,jgreguoli56@devhub.com
188,Stephannie,Middleweek,Agender,,South Korea,2020-08-16,262-304-5018,smiddleweek57@chicagotribune.com
189,Hobart,Elman,Male,2,United States,2020-12-14,158-175-0907,helman58@flickr.com
190,Hermina,Henri,Female,61,United States,2022-01-07,986-187-7991,hhenri59@theatlantic.com
191,Viki,Kemson,Female,50,Peru,,620-906-1357,vkemson5a@live.com
192,Anson,Mepsted,Male,37,South Korea,2022-06-14,209-197-2981,amepsted5b@wikimedia.org
193,Fayre,Westmancoat,Female,38,Argentina,2021-05-15,270-346-7256,fwestmancoat5c@i2i.jp
194,Walt,Ruddiman,Male,,Chile,2022-10-23,883-694-4956,wruddiman5d@dell.com
195,Perren,Knowlton,Male,28,United States,2021-06-06,456-605-7235,pknowlton5e@barnesandnoble.com
196,Byran,Linge,,29,United States,2022-05-09,115-108-8608,blinge5f@mozilla.org
197,Rosemarie,Morforth,,,Chile,2021-08-03,436-322-1530,rmorforth5g@yahoo.com
198,Evelyn,Matisoff,Male,45,Brazil,2020-07-17,389-402-4157,ematisoff5h@delicious.com
199,Pierette,Fairholme,Female,31,Isreal,2022-08-21,733-604-8096,pfairholme5i@quantcast.com
200,Monti,Dwine,Male,62,India,,687-744-3209,mdwine5j@usda.gov
201,Alec,Dulake,Male,59,France,2020-04-17,466-905-8006,adulake5k@addthis.com
202,Yul,Matterdace,Male,25,United States,2022-08-24,665-446-7545,ymatterdace5l@state.gov
203,Carissa,Beckinsale,Female,31,Italy,2020-01-25,736-151-7666,cbeckinsale5m@oaic.gov.au
204,Sharon,Wilby,Female,26,Peru,,235-951-1329,swilby5n@dailymail.co.uk
205,Christy,Shoebrook,Female,,United States,,169-347-2697,cshoebrook5o@ask.com
206,Cheston,Giberd,,74,United States,2021-03-30,131-532-2866,cgiberd5p@cargocollective.com
207,Mirna,Vice,Female,41,Isreal,2020-04-01,506-730-6888,mvice5q@constantcontact.com
208,Tabbatha,Goult,Genderfluid,18,Peru,2020-09-19,273-938-3928,tgoult5r@telegraph.co.uk
209,Budd,Trinke,Genderfluid,42,Isreal,2021-08-22,351-175-5923,btrinke5s@soup.io
210,Camey,Charters,Male,30,Isreal,2020-04-14,919-889-1920,ccharters5t@shutterfly.com
211,Linnie,Cornwell,Female,54,South Korea,,212-274-7832,lcornwell5u@nyu.edu
212,Karee,Ajean,Polygender,52,Germany,2022-06-22,727-152-7810,kajean5v@imgur.com
213,Allistir,Matson,Agender,61,Chile,2022-02-18,287-306-4990,amatson5w@tiny.cc
214,Akim,Standish-Brooks,Male,51,Chile,2022-12-18,376-990-5356,astandishbrooks5x@paypal.com
215,Carlee,Alcoran,Female,38,Isreal,2020-12-02,634-290-8078,calcoran5y@craigslist.org
216,Hakeem,Scarsbrooke,Male,15,Japan,2022-09-28,770-785-2909,hscarsbrooke5z@wikispaces.com
217,Anderea,Rawne,,29,Isreal,,318-316-2247,arawne60@ow.ly
218,Miof mela,Clitheroe,Female,38,Sweden,2021-08-22,566-872-8809,mclitheroe61@hhs.gov
219,Etti,Bowring,Female,45,Spain,2020-11-05,369-754-9698,ebowring62@lulu.com
220,Rea,Bremley,,48,Japan,2022-07-05,541-347-0407,rbremley63@latimes.com
221,Maribeth,Vaune,Female,37,Peru,2020-05-22,596-886-0444,mvaune64@behance.net
222,Humberto,MacLleese,Male,34,Peru,2022-12-25,814-951-8372,hmaclleese65@t-online.de
223,Donica,Dalla,Female,57,Germany,2022-08-02,373-582-9750,ddalla66@rediff.com
224,Leelah,Perigeaux,Female,63,South Korea,2022-04-03,916-533-9090,lperigeaux67@mozilla.org
225,Haskel,Rowbottom,Male,40,Chile,2021-03-13,720-751-0499,hrowbottom68@virginia.edu
226,Maureen,Longfield,Female,43,France,,817-509-9833,mlongfield69@hhs.gov
227,Port,Gregh,Male,29,Isreal,2021-08-26,495-467-6390,pgregh6a@about.me
228,Ivie,Grelik,Female,55,Germany,2022-10-31,662-671-2876,igrelik6b@reverbnation.com
229,Brion,Sherrock,Male,42,United States,2020-08-26,310-419-6159,bsherrock6c@technorati.com
230,Jordan,Swains,Female,45,United States,2022-03-12,271-535-6943,jswains6d@xinhuanet.com
231,Luis,Graveson,Male,72,South Korea,2020-04-27,710-540-4622,lgraveson6e@wisc.edu
232,Prentiss,D'eye,Male,41,China,2021-10-25,409-493-0585,pdeye6f@usatoday.com
233,Amabel,Croix,Bigender,41,United States,,895-395-7868,acroix6g@taobao.com
234,Obed,Bony,Male,31,Brazil,2022-02-15,924-972-1876,obony6h@alibaba.com
235,Roxanna,Andriveaux,Female,63,Japan,2021-11-02,142-604-0828,randriveaux6i@people.com.cn
236,Jocko,Howsin,Male,,Argentina,2021-09-03,739-353-7646,jhowsin6j@google.cn
237,Brunhilda,Glazebrook,,54,Spain,2020-09-23,832-342-5526,bglazebrook6k@ibm.com
238,Huey,Vallis,Male,45,France,2020-12-17,720-361-8791,hvallis6l@sohu.com
239,Caryn,Bram,Female,49,Japan,2020-03-31,994-886-2225,cbram6m@upenn.edu
240,Faunie,Shadfourth,Female,17,France,2021-12-31,437-685-8817,fshadfourth6n@photobucket.com
241,Charo,Happs,Female,40,United States,2022-08-19,734-318-8534,chapps6o@umn.edu
242,Lothario,Pechet,Agender,21,Peru,,481-530-2183,lpechet6p@plala.or.jp
243,Farrell,Millhouse,Male,32,United States,2021-08-29,294-990-8233,fmillhouse6q@hugedomains.com
244,Rikki,Santus,Bigender,56,Isreal,2022-12-03,197-340-1054,rsantus6r@ovh.net
245,Shaylynn,Scrivens,Agender,50,Japan,2022-12-11,935-971-3377,sscrivens6s@nasa.gov
246,Emory,Romushkin,Male,26,Peru,2021-04-20,508-175-8330,eromushkin6t@msu.edu
247,Marlow,Brislen,,40,United States,2022-09-30,959-840-8563,mbrislen6u@ted.com
248,Raoul,Faircloth,Male,19,Brazil,2021-12-10,263-488-2620,rfaircloth6v@indiegogo.com
249,Pip,Tiernan,Male,58,United States,2022-05-15,218-629-7945,ptiernan6w@oakley.com
250,Corella,Stidston,Female,64,Spain,2022-03-05,613-379-1669,cstidston6x@tinyurl.com
251,Mindy,Ivamy,Female,43,Sweden,2021-04-25,120-955-3463,mivamy6y@storify.com
252,Massimo,Horrod,Male,60,Argentina,,439-432-1184,mhorrod6z@flickr.com
253,Chevy,De Dantesie,Male,,United States,2021-06-08,838-718-8242,cdedantesie70@netvibes.com
254,Gianna,Daniell,Female,34,United States,,552-181-9657,gdaniell71@gravatar.com
255,Scotty,Insole,Male,59,Argentina,2022-08-11,403-479-2111,sinsole72@fastcompany.com
256,Celle,Meran,Female,83,United States,2022-11-07,126-851-8955,cmeran73@edublogs.org
257,Jodie,Gilleson,Male,38,South Korea,,276-467-8379,jgilleson74@hud.gov
258,Francisco,Da Costa,Male,67,Brazil,2020-01-31,618-548-9262,fdacosta75@telegraph.co.uk
259,Boone,Swanton,Male,50,South Korea,2021-02-21,523-692-6373,bswanton76@chicagotribune.com
260,Nariko,Lancett,Female,68,Isreal,2022-01-08,223-815-4208,nlancett77@state.gov
261,Maye,Maseyk,Female,54,Japan,2020-11-14,193-586-4873,mmaseyk78@china.com.cn
262,Fransisco,Mum,Genderfluid,38,Isreal,2020-05-30,662-511-9877,fmum79@google.pl
263,Georgette,Gurton,Female,54,Sweden,,843-976-8017,ggurton7a@godaddy.com
264,Gasparo,McCoughan,Male,41,Brazil,2022-04-18,113-476-5397,gmccoughan7b@123-reg.co.uk
265,Renaud,Chilles,Male,58,Spain,2021-05-26,730-169-6143,rchilles7c@nature.com
266,Elianora,Billo,Female,55,Peru,2022-02-06,861-601-9506,ebillo7d@statcounter.com
267,Rozalin,Timbs,Female,29,France,2022-07-05,327-270-1158,rtimbs7e@blogtalkradio.com
268,Gar,Moen,Male,45,United States,2021-06-06,863-344-4475,gmoen7f@youtu.be
269,Baudoin,Soloway,Male,77,Isreal,2020-12-15,632-954-9133,bsoloway7g@github.com
270,Sheela,McWhannel,Female,44,India,2020-12-07,414-352-5122,smcwhannel7h@e-recht24.de
271,Dacey,Body,Female,28,Brazil,2022-07-09,850-250-8196,dbody7i@kickstarter.com
272,Rodrique,Gillott,Male,43,China,2022-07-15,603-436-8537,rgillott7j@wordpress.org
273,Xenia,Bickmore,Female,48,Japan,2021-07-12,989-792-3717,xbickmore7k@mashable.com
274,Pace,Crookshanks,,58,Isreal,2022-11-13,142-923-5063,pcrookshanks7l@t-online.de
275,Edouard,Sor,Male,67,Sweden,2022-10-02,807-576-4174,esor7m@google.ca
276,King,Eusden,Male,60,China,2021-04-13,693-972-6524,keusden7n@omniture.com
277,Brittaney,Allday,Female,69,Isreal,2022-05-21,451-229-8482,ballday7o@yelp.com
278,Ediva,Lenglet,Female,57,Chile,2022-02-03,892-526-7502,elenglet7p@plala.or.jp
279,Amye,Ughetti,Agender,37,Isreal,,774-286-3709,aughetti7q@163.com
280,Udale,Crewes,Male,55,South Korea,,358-767-8643,ucrewes7r@gravatar.com
281,Arturo,Gronow,Male,46,Isreal,2021-10-26,449-162-4947,agronow7s@desdev.cn
282,Adriana,Dowthwaite,,23,United States,2020-11-24,913-183-6053,adowthwaite7t@foxnews.com
283,Floris,Hurdedge,,29,Chile,2020-04-20,261-891-1794,fhurdedge7u@bbb.org
284,Bettine,Drain,Female,34,Italy,,323-811-3548,bdrain7v@netlog.com
285,Ody,Estcourt,Male,7,Peru,2020-12-14,108-339-5805,oestcourt7w@phoca.cz
286,Rolfe,Gravenell,Male,27,Chile,2020-08-04,597-503-5502,rgravenell7x@hexun.com
287,Alyda,Raynton,Female,42,Spain,2022-05-28,790-481-2346,araynton7y@about.me
288,Magnum,O' Byrne,Agender,57,Spain,2022-09-26,197-729-8594,mobyrne7z@youtu.be
289,Ezra,Medhurst,Male,67,Argentina,2020-05-31,112-982-4744,emedhurst80@hostgator.com
290,Bernardina,Crackett,Female,14,France,2021-10-23,993-796-8453,bcrackett81@webs.com
291,Weider,Kingstne,Male,31,Isreal,2022-12-01,796-996-6223,wkingstne82@technorati.com
292,Batsheva,Stonebanks,Genderqueer,45,Isreal,2022-04-27,742-837-9580,bstonebanks83@tumblr.com
293,Liz,Geerling,Genderfluid,34,Sweden,2022-08-18,603-266-3709,lgeerling84@nydailynews.com
294,Tuckie,Ambler,Male,63,South Korea,2021-11-30,962-123-4795,tambler85@ted.com
295,Rodd,Pigford,Male,55,United States,2022-10-19,326-523-5982,rpigford86@opera.com
296,Margareta,Roglieri,Female,75,South Korea,2021-04-08,734-873-6322,mroglieri87@auda.org.au
297,Abagail,Ottey,Female,2,Japan,2020-08-16,757-994-1310,aottey88@trellian.com
298,Hillyer,Guage,Male,44,Sweden,2020-06-20,623-971-0088,hguage89@tuttocitta.it
299,Brodie,Bromwich,Male,37,France,2020-05-20,760-945-9457,bbromwich8a@geocities.jp
300,Rickie,Shelliday,Female,63,United States,2022-12-02,603-784-7501,rshelliday8b@ox.ac.uk
301,Aloise,Danielkiewicz,Female,53,Argentina,,261-345-8326,adanielkiewicz8c@mlb.com
302,Binni,Hedney,Female,76,Germany,2022-05-19,677-451-0291,bhedney8d@unblog.fr
303,Roland,Rawling,Male,72,Japan,2021-06-13,275-841-9625,rrawling8e@va.gov
304,Gussy,Wolfers,Female,33,Isreal,2021-02-05,938-408-6020,gwolfers8f@ucoz.com
305,Silvio,Do Rosario,,22,Italy,2022-03-26,801-150-9912,sdorosario8g@dedecms.com
306,Jori,Iremonger,Agender,,India,2021-09-08,436-799-8285,jiremonger8h@tinypic.com
307,Kev,Hargey,Male,27,Isreal,2022-08-05,689-917-1662,khargey8i@wired.com
308,Harriette,Yirrell,Female,34,Sweden,,614-797-8844,hyirrell8j@bing.com
309,Fabe,Carwithan,Male,55,United States,2021-04-18,481-687-1530,fcarwithan8k@prlog.org
310,Maud,Winspare,Female,54,United States,2022-07-20,363-103-6495,mwinspare8l@deliciousdays.com
311,Codi,Aronovitz,,43,United States,2021-03-05,566-644-6248,caronovitz8m@dmoz.org
312,Leeann,De Blase,Female,56,Germany,2021-12-08,590-345-8357,ldeblase8n@storify.com
313,Isahella,Race,Female,26,Chile,2021-05-14,763-241-4011,irace8o@mail.ru
314,Belva,Tallman,Female,40,Isreal,2020-02-27,558-816-6495,btallman8p@springer.com
315,Evangelin,Stampe,,58,United States,2022-10-30,978-208-0788,estampe8q@ning.com
316,Johnny,Garlicke,Non-binary,55,Brazil,2021-01-11,349-710-2727,jgarlicke8r@google.com.br
317,Janaya,Harraway,Female,63,Argentina,2022-12-28,590-734-1870,jharraway8s@va.gov
318,Adena,Pedrol,Female,71,United States,2021-12-26,557-962-4464,apedrol8t@buzzfeed.com
319,Dell,Klas,Female,54,Sweden,2020-06-14,639-343-4484,dklas8u@tripadvisor.com
320,Nadia,Epgrave,Female,42,United States,2021-08-21,766-196-0556,nepgrave8v@samsung.com
321,Theodore,Sayton,,32,Sweden,2022-06-01,818-278-8109,tsayton8w@biglobe.ne.jp
322,Lillis,Honacker,Female,49,Isreal,2020-02-25,630-682-4864,lhonacker8x@discuz.net
323,Ade,Allnatt,Male,56,Spain,2020-12-16,992-510-8923,aallnatt8y@marriott.com
324,Augustus,Nicholls,Male,45,Brazil,2021-08-10,483-967-2860,anicholls8z@aboutads.info
325,Brewer,Gregory,Male,39,France,2022-12-16,869-803-3767,bgregory90@ibm.com
326,Marsiella,Geill,Female,59,South Korea,2020-01-09,223-423-3552,mgeill91@theguardian.com
327,Helli,Bilbrook,Female,26,Sweden,2020-09-11,161-685-4338,hbilbrook92@histats.com
328,Linc,Staig,Male,36,China,2020-02-23,981-754-8757,lstaig93@alibaba.com
329,Brynne,Sissons,,44,Isreal,2020-11-18,487-585-1767,bsissons94@arstechnica.com
330,Murry,Macguire,Male,54,Isreal,2021-05-25,636-707-9732,mmacguire95@hubpages.com
331,Elmer,Lob,Agender,,Japan,2021-12-14,834-912-6712,elob96@about.com
332,Doll,Menendez,Female,45,United States,2022-11-06,903-997-4908,dmenendez97@printfriendly.com
333,Baldwin,Frake,Male,42,Spain,2022-12-25,294-975-3465,bfrake98@parallels.com
334,Westbrook,Strathearn,,32,China,2020-05-19,813-727-9264,wstrathearn99@prlog.org
335,Letta,Bonas,Agender,50,United States,2022-03-07,340-329-6159,lbonas9a@apache.org
336,Valene,Stanluck,Female,57,Germany,2020-12-27,488-393-0869,vstanluck9b@hhs.gov
337,Fitz,Klimshuk,Agender,50,Isreal,2021-07-15,983-857-4064,fklimshuk9c@slate.com
338,Ester,Danis,Female,29,Japan,2022-11-01,183-191-3678,edanis9d@psu.edu
339,Arny,Begbie,Male,29,United States,,646-179-1555,abegbie9e@usnews.com
340,Marion,Siggee,Male,42,Isreal,2021-12-03,290-760-3189,msiggee9f@g.co
341,Massimo,Daenen,Male,62,United States,2021-05-16,555-892-4482,mdaenen9g@freewebs.com
342,Pancho,Yuranovev,Genderqueer,27,Italy,,283-809-7369,pyuranovev9h@dion.ne.jp
343,Rafaelita,Gerritsma,Female,9,India,2021-08-20,134-494-5568,rgerritsma9i@seesaa.net
344,Wilhelm,Bordone,Male,18,Brazil,2021-12-15,799-862-4165,wbordone9j@ask.com
345,Keelby,Lemmon,Bigender,56,South Korea,2022-04-20,789-787-9639,klemmon9k@cisco.com
346,Titus,Battey,Male,34,China,2020-01-03,622-709-2681,tbattey9l@gizmodo.com
347,Douglass,Thurske,Polygender,20,Isreal,2020-01-14,534-174-2969,dthurske9m@deliciousdays.com
348,Cam,McBrier,Polygender,51,Isreal,2022-12-09,154-646-4797,cmcbrier9n@kickstarter.com
349,Kristo,Johnston,Male,35,Isreal,2020-05-07,586-196-0013,kjohnston9o@foxnews.com
350,Riva,Brimley,,42,Isreal,2020-07-12,567-341-7752,rbrimley9p@nature.com
351,Osbourn,Jentin,Male,45,Germany,2020-10-05,625-946-2236,ojentin9q@booking.com
352,Sinclare,Brasner,Polygender,35,Brazil,2022-08-06,243-268-9166,sbrasner9r@topsy.com
353,Don,Headings,Male,30,China,,478-569-7003,dheadings9s@issuu.com
354,Jacquette,Aitkin,Female,62,Japan,,817-973-7418,jaitkin9t@biglobe.ne.jp
355,Kayley,Carmo,,33,United States,,150-294-6463,kcarmo9u@jugem.jp
356,Darya,Pamment,Female,33,United States,2022-02-01,538-473-5418,dpamment9v@squidoo.com
357,Batsheva,Emor,Female,23,South Korea,,816-432-6782,bemor9w@howstuffworks.com
358,Kippie,MacKimmie,Female,33,Sweden,2022-02-25,637-162-2786,kmackimmie9x@yandex.ru
359,Issiah,Croxon,Male,,Isreal,2021-06-28,992-415-9501,icroxon9y@acquirethisname.com
360,Bobby,Burberow,Male,51,Isreal,,168-123-3221,bburberow9z@yolasite.com
361,Cliff,Twinborne,Male,45,United States,2022-02-21,603-687-3250,ctwinbornea0@businesswire.com
362,Lon,Jouannisson,Male,41,United States,2021-09-11,801-229-2226,ljouannissona1@github.io
363,Sib,Bulward,Female,23,Italy,2021-10-04,863-426-1723,sbulwarda2@sphinn.com
364,Virgil,Conklin,Male,57,Spain,2020-09-03,481-857-2347,vconklina3@blogtalkradio.com
365,Elden,Sleite,Male,56,France,2020-11-15,478-254-0930,esleitea4@hubpages.com
366,Mariann,Navan,Female,50,Germany,2021-07-04,872-126-2810,mnavana5@rambler.ru
367,Audy,Westnedge,Female,20,France,2022-08-22,621-495-1010,awestnedgea6@moonfruit.com
368,Ulrikaumeko,Culleford,Female,80,Isreal,,727-850-6637,uculleforda7@senate.gov
369,Lucienne,Vallintine,Female,26,France,2020-01-13,484-393-9195,lvallintinea8@buzzfeed.com
370,Nolan,MacPaik,Male,65,United States,2020-12-25,202-960-9899,nmacpaika9@yale.edu
371,Gardener,Ellesworthe,Male,56,United States,2022-03-13,307-186-1338,gelleswortheaa@devhub.com
372,Garrard,Ickovits,Male,15,Chile,2021-09-23,673-743-6301,gickovitsab@mayoclinic.com
373,Tanhya,Cronin,Female,32,Japan,2022-10-21,746-249-1182,tcroninac@bigcartel.com
374,Elyssa,Wiley,,38,United States,2022-07-18,852-969-5434,ewileyad@jalbum.net
375,Mick,Featherstonhaugh,Male,30,Isreal,2022-09-02,876-772-0333,mfeatherstonhaughae@dropbox.com
376,Electra,Iacopetti,,47,Chile,2021-04-16,269-265-3160,eiacopettiaf@squarespace.com
377,Diana,Latan,Female,47,United States,2022-01-29,551-537-4084,dlatanag@hc360.com
378,Izak,MacAlinden,Genderfluid,32,Sweden,2022-02-14,510-179-3953,imacalindenah@cargocollective.com
379,Gretal,Brauner,Female,59,Italy,2021-06-11,693-806-0668,gbraunerai@usda.gov
380,Basile,Selman,Male,43,United States,2021-05-09,545-254-8228,bselmanaj@umn.edu
381,Bram,Hurne,Genderfluid,49,Isreal,2020-11-01,280-186-2591,bhurneak@joomla.org
382,Sean,Barde,Female,14,Isreal,2022-07-08,649-785-3823,sbardeal@hostgator.com
383,Gerianne,Sebrens,Non-binary,42,Brazil,2022-01-09,280-380-7833,gsebrensam@wufoo.com
384,Danni,Haydon,Female,58,South Korea,2020-12-16,277-309-8468,dhaydonan@hexun.com
385,Aubrey,Featherby,Female,50,Germany,2022-05-02,772-309-6102,afeatherbyao@wikimedia.org
386,Neysa,Jerzycowski,,41,Japan,2022-11-14,246-443-1964,njerzycowskiap@xinhuanet.com
387,Allan,Dedham,Male,62,Spain,2020-08-25,479-137-6600,adedhamaq@illinois.edu
388,Shani,Bulpitt,Female,47,Chile,2022-08-20,101-687-7449,sbulpittar@moonfruit.com
389,Katrinka,Ivory,Female,19,United States,2022-02-13,389-655-2966,kivoryas@fema.gov
390,Miriam,Craigs,Female,36,India,,966-747-3314,mcraigsat@elpais.com
391,Stacee,Altofts,Male,40,United States,2022-03-25,252-106-9233,saltoftsau@businessweek.com
392,Huntlee,Bendix,Male,30,Brazil,2020-05-20,825-738-8753,hbendixav@twitter.com
393,Trever,Fenna,Male,40,Italy,2021-06-23,882-237-7833,tfennaaw@bigcartel.com
394,Andrei,Lenaghen,Female,31,Italy,2020-10-24,400-614-2476,alenaghenax@dropbox.com
395,Farly,Dalling,Male,47,United States,,551-556-1767,fdallingay@bloglines.com
396,Birgitta,Harmeston,Female,39,United States,2022-02-19,175-804-8669,bharmestonaz@booking.com
397,Karylin,Northfield,Female,31,United States,2021-04-03,769-641-4701,knorthfieldb0@issuu.com
398,Lyndsey,Northey,Female,42,France,2020-07-17,960-786-0755,lnortheyb1@networksolutions.com
399,Joellyn,Cockell,Female,48,United States,2021-04-22,460-759-2017,jcockellb2@lulu.com
400,Giustino,Flowers,Male,35,Japan,2020-12-25,944-473-8090,gflowersb3@hostgator.com
401,Madlen,Yearsley,Female,43,Brazil,2021-11-16,192-687-1683,myearsleyb4@ask.com
402,Page,Engledow,Male,63,Isreal,2022-10-17,574-911-3036,pengledowb5@howstuffworks.com
403,Kristal,Penella,Female,26,Peru,2020-09-09,672-775-5670,kpenellab6@senate.gov
404,Daron,Forker,Male,24,Argentina,2021-07-06,251-115-4365,dforkerb7@163.com
405,Obidiah,Van Weedenburg,Male,64,Italy,2022-01-03,384-210-5855,ovanweedenburgb8@dyndns.org
406,Giusto,Cassely,Male,36,Brazil,2020-02-12,924-351-4478,gcasselyb9@webnode.com
407,Sharl,Ashpital,,57,Isreal,,289-139-5295,sashpitalba@ca.gov
408,Olin,Alenov,Male,56,Sweden,2020-06-03,514-347-9245,oalenovbb@prlog.org
409,Netta,O'Heagertie,Female,30,United States,2020-03-31,856-472-7565,noheagertiebc@acquirethisname.com
410,Hazlett,Wimp,Male,21,United States,,738-604-9754,hwimpbd@webs.com
411,Jessi,Mickleborough,Female,40,Germany,2020-03-11,619-765-2293,jmickleboroughbe@photobucket.com
412,Gilli,Stallon,Female,28,China,2022-10-17,587-402-8588,gstallonbf@tuttocitta.it
413,Joycelin,Laneham,Genderfluid,28,France,2021-06-02,183-661-1049,jlanehambg@baidu.com
414,Eldredge,Dyster,Male,59,Japan,2021-09-11,914-213-1123,edysterbh@princeton.edu
415,Audrey,Jeggo,Female,41,Chile,,831-141-1974,ajeggobi@yellowbook.com
416,Eldridge,Jehu,Non-binary,20,South Korea,2021-12-10,855-398-9140,ejehubj@cnbc.com
417,Cora,Askam,Female,63,Germany,2021-10-02,425-787-1452,caskambk@deviantart.com
418,Sophey,Dilliston,,24,Peru,2020-05-12,955-349-0671,sdillistonbl@adobe.com
419,Hanson,Ropars,Male,27,United States,2020-04-07,719-265-0284,hroparsbm@narod.ru
420,Aube,Riden,Genderfluid,38,Isreal,2022-08-09,251-940-2509,aridenbn@mediafire.com
421,Grantham,Crix,,49,United States,2022-12-11,369-888-8490,gcrixbo@aboutads.info
422,Zarah,Collier,Female,51,South Korea,2022-01-10,665-110-4057,zcollierbp@mlb.com
423,Nathalia,Melby,Female,74,United States,2022-12-21,510-250-7197,nmelbybq@google.co.jp
424,Vin,Jarvis,Male,36,Argentina,2021-04-28,647-632-6279,vjarvisbr@jalbum.net
425,Morton,Badder,Male,46,Isreal,2021-03-07,903-294-5453,mbadderbs@biglobe.ne.jp
426,Herve,Syde,Male,24,United States,2021-04-08,540-326-0022,hsydebt@ucoz.com
427,Mavra,Boyat,Female,30,Chile,,601-296-0876,mboyatbu@histats.com
428,Wesley,Buzza,Male,42,Chile,2020-11-12,565-447-3804,wbuzzabv@dmoz.org
429,Britney,Dewdney,Female,65,Argentina,,832-178-2312,bdewdneybw@4shared.com
430,Nevil,Sumsion,,60,Isreal,2020-04-01,177-241-4299,nsumsionbx@state.gov
431,Eddie,Lonsdale,Female,51,Japan,2021-10-20,826-745-5207,elonsdaleby@imageshack.us
432,Marijn,Orvis,Male,46,United States,2020-09-22,833-255-1456,morvisbz@ibm.com
433,Alejandro,Ivons,Male,36,India,2021-08-04,399-649-8062,aivonsc0@domainmarket.com
434,Clevey,Tirte,Male,45,United States,2022-11-09,358-378-2803,ctirtec1@nifty.com
435,Lissi,Dawson,Female,36,South Korea,2021-05-23,369-614-6201,ldawsonc2@cmu.edu
436,Boniface,Rosenthaler,Male,45,United States,2022-12-31,945-304-9838,brosenthalerc3@exblog.jp
437,Stephana,Hurtado,,34,China,2021-09-15,434-808-4792,shurtadoc4@sakura.ne.jp
438,Orv,Hencke,Male,48,Italy,2022-11-20,675-970-5233,ohenckec5@rambler.ru
439,Ainslee,Seyler,Female,65,Germany,2022-08-03,570-317-0995,aseylerc6@geocities.jp
440,Ancell,Balf,,45,China,2022-10-09,939-927-0417,abalfc7@people.com.cn
441,Gonzalo,Culham,Male,37,Germany,2020-09-27,839-277-7992,gculhamc8@newsvine.com
442,Bunny,Debow,Female,44,South Korea,2020-02-23,304-199-6665,bdebowc9@umn.edu
443,Ashton,Piniur,Male,35,India,,538-856-8976,apiniurca@plala.or.jp
444,Felice,Deneve,Male,46,South Korea,2021-09-23,657-918-5460,fdenevecb@blinklist.com
445,Josephina,Goldsack,Female,51,India,2022-03-28,892-308-9758,jgoldsackcc@fc2.com
446,Devin,Sisneros,Female,74,Italy,2020-07-13,881-771-1675,dsisneroscd@goodreads.com
447,Cy,Pirri,,8,Isreal,2021-08-11,349-264-1604,cpirrice@list-manage.com
448,Binnie,Trevarthen,Female,55,Japan,2020-10-23,961-143-8675,btrevarthencf@cafepress.com
449,Gram,Males,Male,48,South Korea,2022-12-06,465-680-5038,gmalescg@umich.edu
450,Patricio,Simpkins,Male,44,Isreal,2020-09-04,699-879-6311,psimpkinsch@ehow.com
451,Sidnee,Viveash,Male,46,Brazil,2021-08-12,470-951-4116,sviveashci@stumbleupon.com
452,Billi,Aysik,Female,56,United States,2020-02-24,335-551-3330,baysikcj@arizona.edu
453,Laurene,Delap,Female,28,Argentina,2020-12-04,398-264-3500,ldelapck@t.co
454,Boyce,Cronk,Male,31,Argentina,2020-03-10,185-934-9368,bcronkcl@ox.ac.uk
455,Gillian,Bygrove,Female,39,Italy,2022-11-25,508-485-6929,gbygrovecm@bluehost.com
456,Coop,Padbury,Male,31,United States,2020-08-26,964-845-0772,cpadburycn@cbc.ca
457,Etienne,Coleiro,Male,39,Italy,2020-05-27,478-773-1383,ecoleiroco@bing.com
458,Talya,Warrior,Female,39,United States,2020-03-24,693-258-9121,twarriorcp@msu.edu
459,Eugen,Pashenkov,Male,32,United States,2021-04-24,447-766-3147,epashenkovcq@xrea.com
460,Derwin,Handslip,Male,39,United States,2020-10-10,561-489-0810,dhandslipcr@census.gov
461,Mario,Cocker,Male,49,Brazil,2020-03-01,494-862-2803,mcockercs@oaic.gov.au
462,Lianna,Collin,Female,43,Argentina,2021-02-03,357-161-4625,lcollinct@twitpic.com
463,Von,Pinkstone,Agender,45,France,,185-445-1234,vpinkstonecu@histats.com
464,Taylor,Stelfox,Male,51,India,2020-07-04,158-550-9403,tstelfoxcv@narod.ru
465,Cammy,Clacey,,42,Argentina,2021-11-25,365-638-4968,cclaceycw@t-online.de
466,Natassia,Bransden,Female,,United States,,353-550-7048,nbransdencx@g.co
467,Laughton,Booeln,Male,37,India,2022-08-19,883-277-6780,lbooelncy@gravatar.com
468,Linet,Wanless,,40,Spain,2020-10-17,271-562-7977,lwanlesscz@is.gd
469,Guntar,Manie,Male,44,Spain,2022-01-23,408-238-2100,gmanied0@bing.com
470,Alaine,Kemell,Female,28,Japan,2020-10-21,451-853-6191,akemelld1@instagram.com
471,Roseann,Krystof,,34,Spain,2020-09-10,841-733-0811,rkrystofd2@istockphoto.com
472,Ester,Ebsworth,Female,68,India,,463-891-8628,eebsworthd3@jigsy.com
473,Wallace,Whicher,Male,44,Spain,2021-07-23,996-388-4962,wwhicherd4@dmoz.org
474,Goldarina,Bricksey,Female,31,Isreal,2021-09-07,334-549-6489,gbrickseyd5@squarespace.com
475,Gabriella,Stiles,,57,France,2022-07-28,831-320-2370,gstilesd6@dailymail.co.uk
476,Glynda,Thackham,Female,66,Peru,2021-06-26,681-845-7893,gthackhamd7@sbwire.com
477,Nick,Youhill,Male,50,Italy,2020-02-08,892-928-3566,nyouhilld8@google.es
478,Davida,Bestall,Female,,Peru,2022-03-29,366-718-9167,dbestalld9@barnesandnoble.com
479,Dael,Ozelton,Female,42,United States,2021-08-30,414-505-2401,dozeltonda@webs.com
480,Candi,Bussons,Female,65,Isreal,2022-01-05,909-725-2365,cbussonsdb@canalblog.com
481,Alameda,Connealy,Female,53,Chile,2020-06-17,243-359-8876,aconnealydc@hibu.com
482,Wolfy,Tills,Male,62,United States,2020-04-27,850-496-7399,wtillsdd@aboutads.info
483,Amble,Yeude,Male,22,Italy,2021-09-25,489-878-7807,ayeudede@wordpress.com
484,Brandy,Bateman,Female,31,Argentina,2022-11-21,410-479-6403,bbatemandf@gnu.org
485,Alyson,Tolomelli,Genderfluid,34,China,2021-10-25,555-608-2072,atolomellidg@techcrunch.com
486,Nikki,Miskimmon,Male,67,India,2020-10-12,676-599-8712,nmiskimmondh@census.gov
487,Davine,Elby,Female,36,Brazil,2021-09-25,671-603-2048,delbydi@behance.net
488,Baldwin,Troman,Male,24,Spain,,724-864-0650,btromandj@wikimedia.org
489,Boycie,Granger,Male,53,Brazil,,522-682-1435,bgrangerdk@guardian.co.uk
490,Melissa,Josebury,Female,57,France,2022-05-09,742-801-8178,mjoseburydl@artisteer.com
491,Rance,Izakoff,,47,Sweden,2021-03-24,143-743-3474,rizakoffdm@fc2.com
492,Adore,Doel,Female,,Sweden,2021-02-05,266-751-4183,adoeldn@acquirethisname.com
493,Barr,Yanin,Male,36,Isreal,,551-564-9403,byanindo@thetimes.co.uk
494,Andrea,Kleinholz,Male,72,United States,2020-04-24,375-917-9025,akleinholzdp@fastcompany.com
495,Reinold,MacLeese,Male,39,Brazil,2022-01-09,129-480-3270,rmacleesedq@chronoengine.com
496,Renado,Monard,Male,53,India,,399-472-4819,rmonarddr@yale.edu
497,Kalina,Luno,Female,30,Italy,2022-10-16,659-768-2522,klunods@friendfeed.com
498,Viv,Callander,Female,44,France,2021-02-24,447-685-9318,vcallanderdt@icq.com
499,Georg,Raper,Male,41,Germany,2022-04-24,863-207-4830,graperdu@homestead.com
500,Richardo,O'Criane,Male,32,United States,2021-08-06,796-438-2219,rocrianedv@geocities.com
